"Azure Well-Architected Review - Nov 17, 2023 - 2:38:53 AM",,,,,,,,,
,,,,,,,,,
Recommendations for your workload,,,,,,,,,
Your overall results,Critical,'0/120',,,,,,,
Reliability,Critical,'0/200',,,,,,,
Security,Critical,'0/100',,,,,,,
Cost Optimization,Critical,'0/100',,,,,,,
Operational Excellence,Critical,'0/100',,,,,,,
Performance Efficiency,Critical,'0/101',,,,,,,
,,,,,,,,,
Next Steps,,,,,,,,,
Learn about discounts.,https://learn.microsoft.com/azure/well-architected/cost-optimization/get-best-rates#evaluate-and-commit-to-available-discounts,,,,,,,,
Learn about data classification.,https://learn.microsoft.com/azure/well-architected/security/data-classification#define-the-classification-scope,,,,,,,,
Learn about safe deployment practices.,https://learn.microsoft.com/azure/well-architected/operational-excellence/safe-deployments#key-design-strategies,,,,,,,,
,,,,,,,,,
Category,Link-Text,Link,Priority,ReportingCategory,ReportingSubcategory,Weight,Context,CompleteY/N,Note
Reliability,"RE:04 - Define healthy, degraded, and unhealthy states.",https://learn.microsoft.com/azure/well-architected/reliability/metrics#building-a-health-model,High,RE:04,,80,,N,
Reliability,RE:09 - Define recovery processes.,https://learn.microsoft.com/azure/well-architected/reliability/disaster-recovery#maintain-a-disaster-recovery-plan,High,RE:09,,75,,N,
Reliability,RE:02 - Identify all user and system flows of your workload.,https://learn.microsoft.com/azure/well-architected/reliability/identify-flows#key-design-strategies,High,RE:02,,75,,N,
Reliability,RE:04 - Define recovery targets.,https://learn.microsoft.com/azure/well-architected/reliability/metrics#recovery-metrics,High,RE:04,,75,,N,
Reliability,RE:07 - Degrade gracefully. ,https://learn.microsoft.com/azure/well-architected/reliability/self-preservation#application-design-guidance-and-patterns-1,High,RE:07,,70,,N,
Reliability,RE:06 - Ensure that all components are candidates for scaling.,https://learn.microsoft.com/azure/well-architected/reliability/scaling#key-design-strategies,High,RE:06,,70,,N,
Reliability,RE:10 - Configure alerts at critical thresholds.,https://learn.microsoft.com/azure/well-architected/reliability/monitoring-alerting-strategy#general-guidance,High,RE:10,,70,,N,
Reliability,RE:07 - Make your workload resilient to transient faults.,https://learn.microsoft.com/azure/well-architected/reliability/handle-transient-faults#key-design-strategies,High,RE:07,,70,,N,
Reliability,RE:10 - Incorporate platform monitoring and alerting services.,https://learn.microsoft.com/azure/well-architected/reliability/monitoring-alerting-strategy#general-guidance,Medium,RE:10,,65,,N,
Reliability,RE:01 - Abstract infrastructure away from domain logic.,https://learn.microsoft.com/azure/well-architected/reliability/simplify#additional-design-recommendations,Medium,RE:01,,65,,N,
Reliability,RE:04 - Build a health model. ,https://learn.microsoft.com/azure/well-architected/reliability/metrics#building-a-health-model,Medium,RE:04,,65,,N,
Reliability,RE:09 - Define what constitutes a disaster.,https://learn.microsoft.com/azure/well-architected/reliability/disaster-recovery#maintain-a-disaster-recovery-plan,Medium,RE:09,,65,,N,
Reliability,RE:09 - Conduct disaster recovery drills.,https://learn.microsoft.com/azure/well-architected/reliability/disaster-recovery#conduct-disaster-recovery-drills,Medium,RE:09,,65,,N,
Reliability,RE:07 - Use infrastructure and application design patterns.,https://learn.microsoft.com/azure/well-architected/reliability/self-preservation#self-preservation-guidance,Medium,RE:07,,65,,N,
Reliability,RE:05 - Use built-in platform capabilities for compute redundancy.,https://learn.microsoft.com/azure/well-architected/reliability/redundancy#compute-resources,Medium,RE:05,,65,,N,
Reliability,RE:06 - Understand the relationship of the flow's components for scaling.,https://learn.microsoft.com/azure/well-architected/reliability/scaling#key-design-strategies,Medium,RE:06,,60,,N,
Reliability,RE:03 - Identify the effect of failure on a workload.,https://learn.microsoft.com/azure/well-architected/reliability/failure-mode-analysis#outcome,Medium,RE:03,,60,,N,
Security,SE:05 - Secure high-impact accounts.,https://learn.microsoft.com/azure/well-architected/security/identity-access#critical-impact-accounts,High,SE:05,,100,,N,
Security,SE:05 - Make conditional access choices.,https://learn.microsoft.com/azure/well-architected/security/identity-access#make-conditional-access-choices,High,SE:05,,95,,N,
Security,SE:06 - Pass egress and ingress traffic through a firewall.,https://learn.microsoft.com/azure/well-architected/security/networking#apply-firewalls-at-the-edge,High,SE:06,,90,,N,
Security,SE:08 - Apply a deny-by-default approach.,https://learn.microsoft.com/azure/well-architected/security/harden-resources#networking,High,SE:08,,90,,N,
Security,SE:06 - Apply distributed denial-of-service (DDoS) protection.,https://learn.microsoft.com/azure/well-architected/security/networking#protect-against-distributed-denial-of-service-ddos-attacks,High,SE:06,,90,,N,
Security,SE:03 - Understand organization-defined taxonomy.,https://learn.microsoft.com/azure/well-architected/security/data-classification#understand-organization-defined-taxonomy,High,SE:03,,90,,N,
Security,SE:05 - Determine actions for authorization.,https://learn.microsoft.com/azure/well-architected/security/identity-access#determine-actions-for-authorization,High,SE:05,,90,,N,
Security,SE:10 - Record access patterns and modifications.,https://learn.microsoft.com/azure/well-architected/security/monitor-threats#identity-and-access-monitoring,High,SE:10,,90,,N,
Security,SE:09 - Use policies to control access to secrets.,https://learn.microsoft.com/azure/well-architected/security/application-secrets#key-design-strategies,High,SE:09,,90,,N,
Security,SE:08 - Provide training in hardening.,https://learn.microsoft.com/azure/well-architected/security/harden-resources#key-design-strategies,High,SE:08,,90,,N,
Security,SE:10 - Use native tools to get deep signals from the platform.,https://learn.microsoft.com/azure/well-architected/security/monitor-threats#azure-facilitation,High,SE:10,,80,,N,
Security,SE:06 - Use network security groups.,https://learn.microsoft.com/azure/well-architected/security/networking#network-security-groups,High,SE:06,,80,,N,
Security,SE:01 - Develop a security training program.,https://learn.microsoft.com/azure/well-architected/security/establish-baseline#training,High,SE:01,,80,,N,
Security,SE:05 - Provide role-based authorization.,https://learn.microsoft.com/azure/well-architected/security/identity-access#provide-role-based-authorization,High,SE:05,,80,,N,
Security,SE:07 - Use identity-based access controls to control access data.,https://learn.microsoft.com/azure/well-architected/security/encryption#data-at-rest,High,SE:07,,80,,N,
Security,SE:11 - Use penetration testing.,https://learn.microsoft.com/azure/well-architected/security/test#tests-that-simulate-attacks-through-penetration-testing,High,SE:11,,80,,N,
Security,SE:08 - Remove or disable the use of legacy protocols.,https://learn.microsoft.com/azure/well-architected/security/harden-resources#networking,High,SE:08,,80,,N,
Security,"SE:02 - Keep software, libraries, and infrastructure components up to date.",https://learn.microsoft.com/azure/well-architected/security/secure-development-lifecycle#maintenance-phase,High,SE:02,,80,,N,
Security,SE:03 - Define classification scope.,https://learn.microsoft.com/azure/well-architected/security/data-classification#define-the-classification-scope,High,SE:03,,80,,N,
Security,"SE:09 - Create distinct, preshared keys per consumer.",https://learn.microsoft.com/azure/well-architected/security/application-secrets#preshared-keys,High,SE:09,,80,,N,
Security,SE:02 - Protect developer environments.,https://learn.microsoft.com/azure/well-architected/security/secure-development-lifecycle#development-and-testing-phase,High,SE:02,,80,,N,
Security,SE:08 - Disable legacy authentication methods.,https://learn.microsoft.com/azure/well-architected/security/harden-resources#identity,High,SE:08,,80,,N,
Security,SE:04 - Use identity as a perimeter.,https://learn.microsoft.com/azure/well-architected/security/segmentation#identity-as-the-perimeter,High,SE:04,,70,,N,
Security,SE:12 - Be able to recover from an incident.,https://learn.microsoft.com/azure/well-architected/security/incident-response#recover-from-an-incident,High,SE:12,,70,,N,
Security,SE:01 - Use tools to detect drift from the baseline.,https://learn.microsoft.com/azure/well-architected/security/establish-baseline#azure-facilitation,High,SE:01,,70,,N,
Security,SE:10 - Analyze monitoring data to detect anomalies.,https://learn.microsoft.com/azure/well-architected/security/monitor-threats#detect-abuse,High,SE:10,,70,,N,
Security,SE:10 - Have an accurate and up-to-date record of system state.,https://learn.microsoft.com/azure/well-architected/security/monitor-threats#capture-system-changes,High,SE:10,,70,,N,
Security,SE:09 - Rotate and retire secrets.,https://learn.microsoft.com/azure/well-architected/security/application-secrets#secret-rotation,Low,SE:09,,20,,N,
Security,SE:12 - Assign an incident notification point of contact.,https://learn.microsoft.com/azure/well-architected/security/incident-response#assign-incident-notification,Low,SE:12,,10,,N,
Cost Optimization,CO:05 - Optimize licensing costs.,https://learn.microsoft.com/azure/well-architected/cost-optimization/get-best-rates#optimize-licensing-costs,High,CO:05,,90,,N,
Cost Optimization,CO:05 - Evaluate and commit to available discounts.,https://learn.microsoft.com/azure/well-architected/cost-optimization/get-best-rates#evaluate-and-commit-to-available-discounts,High,CO:05,,90,,N,
Cost Optimization,CO:01 - Communicate financial expectations.,https://learn.microsoft.com/azure/well-architected/cost-optimization/create-culture-financial-responsibility#communicate-financial-expectations,High,CO:01,,85,,N,
Cost Optimization,CO:07 - Cost optimize platform features.,https://learn.microsoft.com/azure/well-architected/cost-optimization/optimize-component-costs#optimize-platform-features,High,CO:07,,80,,N,
Cost Optimization,CO:07 - Cost optimize application features.,https://learn.microsoft.com/azure/well-architected/cost-optimization/optimize-component-costs#optimize-application-features,High,CO:07,,80,,N,
Cost Optimization,CO:04 - Configure access controls to manage access.,https://learn.microsoft.com/azure/well-architected/cost-optimization/set-spending-guardrails#configure-access-controls,High,CO:04,,80,,N,
Cost Optimization,CO:07 - Cost optimize workload resources.,https://learn.microsoft.com/azure/well-architected/cost-optimization/optimize-component-costs#optimize-workload-resources,High,CO:07,,80,,N,
Cost Optimization,CO:10 - Optimize data volume.,https://learn.microsoft.com/azure/well-architected/cost-optimization/optimize-data-costs#optimize-data-volume,High,CO:10,,80,,N,
Cost Optimization,CO:07 - Avoid introducing unoptimized components.,https://learn.microsoft.com/azure/well-architected/cost-optimization/optimize-component-costs#avoid-introducing-unoptimized-components,High,CO:07,,80,,N,
Cost Optimization,CO:05 - Decide whether to build or buy solutions.,https://learn.microsoft.com/azure/well-architected/cost-optimization/get-best-rates#decide-whether-to-build-or-buy-a-solution,High,CO:05,,75,,N,
Cost Optimization,CO:02 - Maintain the cost model.,https://learn.microsoft.com/azure/well-architected/cost-optimization/cost-model#maintain-the-cost-model,High,CO:02,,75,,N,
Cost Optimization,CO:01 - Make budgets and costs transparent.,https://learn.microsoft.com/azure/well-architected/cost-optimization/create-culture-financial-responsibility#make-budgets-and-costs-transparent,High,CO:01,,75,,N,
Cost Optimization,CO:02 - Set a budget based on the cost model.,https://learn.microsoft.com/azure/well-architected/cost-optimization/cost-model#set-a-budget,High,CO:02,,75,,N,
Cost Optimization,CO:10 - Optimize data replication.,https://learn.microsoft.com/azure/well-architected/cost-optimization/optimize-data-costs#optimize-data-replication,High,CO:10,,75,,N,
Cost Optimization,CO:03 - Regularly review cost data with stakeholders.,https://learn.microsoft.com/azure/well-architected/cost-optimization/collect-review-cost-data#review-cost-data,High,CO:03,,75,,N,
Cost Optimization,CO:10 - Define data priority levels.,https://learn.microsoft.com/azure/well-architected/cost-optimization/optimize-data-costs#prioritize-data,High,CO:10,,70,,N,
Cost Optimization,CO:10 - Take an inventory of data.,https://learn.microsoft.com/azure/well-architected/cost-optimization/optimize-data-costs#take-an-inventory-of-data,High,CO:10,,70,,N,
Operational Excellence,OE:08 - Define and understand emergency criteria.,https://learn.microsoft.com/azure/well-architected/operational-excellence/emergency-response#processes-and-procedures,High,OE:08,,85,,N,
Operational Excellence,OE:11 - Deploy changes to staging environment.,https://learn.microsoft.com/azure/well-architected/operational-excellence/safe-deployments#general-sdp-recommendations,High,OE:11,,85,,N,
Operational Excellence,OE:01 - Take responsibility for the workload.,https://learn.microsoft.com/azure/well-architected/operational-excellence/devops-culture#team-roles-and-responsibilities,High,OE:01,,80,,N,
Operational Excellence,OE:05 - Use the same infrastructure as code to deploy to a variety of environments.,https://learn.microsoft.com/azure/well-architected/operational-excellence/infrastructure-as-code-design#key-design-strategies,High,OE:05,,80,,N,
Operational Excellence,OE:06 - Make changes through supply chain process and tools.,https://learn.microsoft.com/azure/well-architected/operational-excellence/workload-supply-chain#core-tenets,High,OE:06,,80,,N,
Operational Excellence,OE:02 - Document all processes.,https://learn.microsoft.com/azure/well-architected/operational-excellence/formalize-operations-tasks#key-design-strategies,High,OE:02,,80,,N,
Operational Excellence,"OE:04 - Standardize how you write, review, and document code.",https://learn.microsoft.com/azure/well-architected/operational-excellence/tools-processes#key-design-strategies,High,OE:04,,80,,N,
Operational Excellence,OE:07 - Collect telemetry and events on the workload.,https://learn.microsoft.com/azure/well-architected/operational-excellence/observability#collection,High,OE:07,,80,,N,
Operational Excellence,OE:05 - Prefer declarative over imperative tools.,https://learn.microsoft.com/azure/well-architected/operational-excellence/infrastructure-as-code-design#key-design-strategies,High,0E:05,,75,,N,
Operational Excellence,OE:02 - Adopt industry-proven practices.,https://learn.microsoft.com/azure/well-architected/operational-excellence/formalize-operations-tasks#key-design-strategies,High,OE:02,,75,,N,
Operational Excellence,OE:11 - Use safe and consistent deployments.,https://learn.microsoft.com/azure/well-architected/operational-excellence/safe-deployments#safety-and-consistency,High,OE:11,,75,,N,
Operational Excellence,OE:03 - Collaborate on all proposed workload changes.,https://learn.microsoft.com/azure/well-architected/operational-excellence/formalize-development-practices#standards-for-development-planning,High,OE:03,,75,,N,
Operational Excellence,OE:10 - Design automation into workload features from the start.,https://learn.microsoft.com/azure/well-architected/operational-excellence/enable-automation#workload-design,High,OE:10,,75,,N,
Operational Excellence,OE:06 - Standardize your deployment method.,https://learn.microsoft.com/azure/well-architected/operational-excellence/workload-supply-chain#core-tenets,High,OE:06,,75,,N,
Operational Excellence,OE:04 - Standardize how you apply versioning to artifacts.,https://learn.microsoft.com/azure/well-architected/operational-excellence/tools-processes#key-design-strategies,High,OE:04,,75,,N,
Operational Excellence,OE:03 - Use industry-proven planning processes and tools in development.,https://learn.microsoft.com/azure/well-architected/operational-excellence/formalize-development-practices#standards-for-development-planning,High,OE:03,,75,,N,
Operational Excellence,OE:08 - Define communication and escalation plans.,https://learn.microsoft.com/azure/well-architected/operational-excellence/emergency-response#processes-and-procedures,High,OE:08,,70,,N,
Operational Excellence,OE:04 - Use well-known and mature development tools.,https://learn.microsoft.com/azure/well-architected/operational-excellence/tools-processes#key-design-strategies,High,OE:04,,70,,N,
Performance Efficiency,PE:01 - Determine the performance requirements.,https://learn.microsoft.com/azure/well-architected/performance-efficiency/performance-targets#determine-performance-requirements,High,PE:01,,85,,N,
Performance Efficiency,PE:06 - Analyze performance testing results.,https://learn.microsoft.com/azure/well-architected/performance-efficiency/performance-test#analyze-the-results,High,PE:06,,85,,N,
Performance Efficiency,PE:05 - Test scaling.,https://learn.microsoft.com/azure/well-architected/performance-efficiency/scale-partition#test-scaling,High,PE:05,,85,,N,
Performance Efficiency,PE:05 - Configure scaling and set limits.,https://learn.microsoft.com/azure/well-architected/performance-efficiency/scale-partition#configure-scaling,High,PE:05,,85,,N,
Performance Efficiency,PE:05 - Use meaningful load metrics for scaling and include a buffer.,https://learn.microsoft.com/azure/well-architected/performance-efficiency/scale-partition#configure-scaling,High,PE:05,,85,,N,
Performance Efficiency,PE:12 - Develop a performance culture.,https://learn.microsoft.com/azure/well-architected/performance-efficiency/continuous-performance-optimize#develop-a-performance-culture,High,PE:12,,85,,N,
Performance Efficiency,PE:04 - Instrument application code to gather performance data.,https://learn.microsoft.com/azure/well-architected/performance-efficiency/collect-performance-data#instrument-code,High,PE:04,,85,,N,
Performance Efficiency,PE:01 - Identify key performance metrics.,https://learn.microsoft.com/azure/well-architected/performance-efficiency/performance-targets#identify-key-metrics,High,PE:01,,85,,N,
Performance Efficiency,PE:01 - Set targets for identified performance metrics.,https://learn.microsoft.com/azure/well-architected/performance-efficiency/performance-targets#set-specific-targets,High,PE:01,,80,,N,
Performance Efficiency,PE:03 - Evaluate data store requirements.,https://learn.microsoft.com/azure/well-architected/performance-efficiency/select-services#evaluate-data-store-requirements,High,PE:03,,80,,N,
Performance Efficiency,PE:05 - Design infrastructure to scale.,https://learn.microsoft.com/azure/well-architected/performance-efficiency/scale-partition#design-infrastructure-to-scale,High,PE:05,,80,,N,
Performance Efficiency,PE:06 - Define acceptance criteria for performance testing.,https://learn.microsoft.com/azure/well-architected/performance-efficiency/performance-test#define-acceptance-criteria,High,PE:06,,80,,N,
Performance Efficiency,PE:01 - Evaluate customer feedback about performance.,https://learn.microsoft.com/azure/well-architected/performance-efficiency/performance-targets#evaluate-customer-feedback,High,PE:01,,80,,N,
Performance Efficiency,PE:11 - Prepare for live performance issues.,https://learn.microsoft.com/azure/well-architected/performance-efficiency/respond-live-performance-issues#prepare-for-issues,High,PE:11,,80,,N,
Performance Efficiency,PE:05 - Design the application to scale.,https://learn.microsoft.com/azure/well-architected/performance-efficiency/scale-partition#design-application-to-scale,High,PE:05,,80,,N,
Performance Efficiency,PE:11 - Learn from live performance issues.,https://learn.microsoft.com/azure/well-architected/performance-efficiency/respond-live-performance-issues#learn-from-findings,High,PE:11,,80,,N,
Performance Efficiency,PE:07 - Optimize infrastructure performance.,https://learn.microsoft.com/azure/well-architected/performance-efficiency/optimize-code-infrastructure#optimize-infrastructure-performance,High,PE:07,,75,,N,
-----------,,,,,,,,,
,,,,,,,,,
Category,Question,Answers,Selected Answer,Note,,,,,
Reliability,How do you keep the workload simple and efficient?,We have a deliberate goal to keep our workload simple.,,,,,,,
Reliability,How do you keep the workload simple and efficient?,We utilize platform functionality where appropriate.,,,,,,,
Reliability,How do you keep the workload simple and efficient?,We clearly abstract domain logic implementation from infrastructure management.,,,,,,,
Reliability,How do you keep the workload simple and efficient?,We offload cross-cutting services to separate services.,,,,,,,
Reliability,How do you keep the workload simple and efficient?,We implement essential capabilities in our workload for all coding efforts.,,,,,,,
Reliability,How do you keep the workload simple and efficient?,None of the above.,None of the above.,,,,,,
Reliability,How well do you understand the workload's flows?,We published a catalog of all supported flows to provide awareness for our team.,,,,,,,
Reliability,How well do you understand the workload's flows?,We understand and document the business process that each flow supports.,,,,,,,
Reliability,How well do you understand the workload's flows?,We determined what the impact is if we don't meet the requirements and targets for each flow.,,,,,,,
Reliability,How well do you understand the workload's flows?,"We've set and published organizational agreements, like ownership and escalation paths.",,,,,,,
Reliability,How well do you understand the workload's flows?,We assigned criticality to each flow and published our decisions.,,,,,,,
Reliability,How well do you understand the workload's flows?,None of the above.,None of the above.,,,,,,
Reliability,How do you perform failure mode analysis?,We decompose the workload to identify its components and their relationships.,,,,,,,
Reliability,How do you perform failure mode analysis?,We identified all internal and external dependencies.,,,,,,,
Reliability,How do you perform failure mode analysis?,We understand the performance and reliability characteristics of all our internal and external dependencies.,,,,,,,
Reliability,How do you perform failure mode analysis?,We identified failure modes for all internal and external dependencies.,,,,,,,
Reliability,How do you perform failure mode analysis?,We have failure mitigation strategies.,,,,,,,
Reliability,How do you perform failure mode analysis?,We assessed the impact of each failure mode for each of our workload's flows.,,,,,,,
Reliability,How do you perform failure mode analysis?,We documented and published the outcome of the failure mode analysis.,,,,,,,
Reliability,How do you perform failure mode analysis?,We established continuous improvement processes to reduce dependencies and review our failure mode analysis.,,,,,,,
Reliability,How do you perform failure mode analysis?,None of the above.,None of the above.,,,,,,
Reliability,How do you define reliability targets?,We have availability targets.,,,,,,,
Reliability,How do you define reliability targets?,We have recovery targets.,,,,,,,
Reliability,How do you define reliability targets?,We developed a health model based on workload availability and recovery metrics.,,,,,,,
Reliability,How do you define reliability targets?,"We agree on definitions of healthy, degraded, and unhealthy states for the workload.",,,,,,,
Reliability,How do you define reliability targets?,We implemented a process or technology to inform stakeholders of application health.,,,,,,,
Reliability,How do you define reliability targets?,None of the above.,None of the above.,,,,,,
Reliability,How do you implement redundancy?,We ensure stakeholders understand the basic concepts of high availability and that they're familiar with the related features.,,,,,,,
Reliability,How do you implement redundancy?,We derive the redundancy requirement for each flow from the business requirements and the service-level agreements (SLAs) of the components.,,,,,,,
Reliability,How do you implement redundancy?,We use platform-provided capabilities to introduce and manage the redundancy of our compute resources.,,,,,,,
Reliability,How do you implement redundancy?,"We don't have any state in the compute layer components, and we can dispose of every instance at any time without data loss.",,,,,,,
Reliability,How do you implement redundancy?,We embrace polyglot persistence and intentionally select data services based on our workload's data requirements.,,,,,,,
Reliability,How do you implement redundancy?,We replicate data across physical locations by using platform-provided capabilities whenever possible.,,,,,,,
Reliability,How do you implement redundancy?,We ensure the workload's network traffic has the appropriate level of redundancy.,,,,,,,
Reliability,How do you implement redundancy?,We follow the Deployment Stamps design pattern to deploy our workload.,,,,,,,
Reliability,How do you implement redundancy?,None of the above.,None of the above.,,,,,,
Reliability,How do define a scaling strategy?,We identified the load patterns of user and system flows.,,,,,,,
Reliability,How do define a scaling strategy?,We ensure that the scaling strategy includes all components that are candidates for scaling.,,,,,,,
Reliability,How do define a scaling strategy?,We align scaling triggers with the time that it takes for the operation to finish.,,,,,,,
Reliability,How do define a scaling strategy?,We make sure that none of our scaled components overwhelm downstream components during a scale-out operation.,,,,,,,
Reliability,How do define a scaling strategy?,We deliberately define scale units.,,,,,,,
Reliability,How do define a scaling strategy?,We use platform-provided capabilities to automatically scale components where appropriate and whenever possible.,,,,,,,
Reliability,How do define a scaling strategy?,We configure autoscaling to avoid unplanned or excessive costs.,,,,,,,
Reliability,How do define a scaling strategy?,We determined a data partitioning strategy.,,,,,,,
Reliability,How do define a scaling strategy?,Not applicable.,,,,,,,
Reliability,How do define a scaling strategy?,None of the above.,None of the above.,,,,,,
Reliability,How do you implement self-preservation and self-healing measures?,We're familiar with cloud infrastructure design as well as application design patterns for reliability. ,,,,,,,
Reliability,How do you implement self-preservation and self-healing measures?,We designed the system to follow the paradigm of loosely coupled services.,,,,,,,
Reliability,How do you implement self-preservation and self-healing measures?,We use well-known standards to enable communication between our services.,,,,,,,
Reliability,How do you implement self-preservation and self-healing measures?,We implement asynchronous communication rather than synchronous communication between components wherever appropriate.,,,,,,,
Reliability,How do you implement self-preservation and self-healing measures?,We enable the application to degrade its service gracefully.,,,,,,,
Reliability,How do you implement self-preservation and self-healing measures?,We mitigate intermittent communication failures and congestion.,,,,,,,
Reliability,How do you implement self-preservation and self-healing measures?,"We use vendor or framework-provided retry mechanisms, where possible.",,,,,,,
Reliability,How do you implement self-preservation and self-healing measures?,We ensure all components of the workload provide insights into their behavior by writing appropriate log statements for later analysis.,,,,,,,
Reliability,How do you implement self-preservation and self-healing measures?,None of the above.,None of the above.,,,,,,
Reliability,How do you test your resiliency and availability strategies?,We ensure that the development and operations teams are familiar with the concepts of fault injection and chaos engineering.,,,,,,,
Reliability,How do you test your resiliency and availability strategies?,"We run tests in a production-like environment, and we run a targeted subset of tests in production.",,,,,,,
Reliability,How do you test your resiliency and availability strategies?,We use planned downtime to run tests on production.,,,,,,,
Reliability,How do you test your resiliency and availability strategies?,We learn from production incidents.,,,,,,,
Reliability,How do you test your resiliency and availability strategies?,We perform testing early in the development process and throughout it.,,,,,,,
Reliability,How do you test your resiliency and availability strategies?,We use the results of a failure mode analysis to identify and define meaningful chaos experiments. ,,,,,,,
Reliability,How do you test your resiliency and availability strategies?,We monitor total application health during chaos experiments.,,,,,,,
Reliability,How do you test your resiliency and availability strategies?,None of the above.,None of the above.,,,,,,
Reliability,How do you plan for disaster scenarios?,We ensure that recovery and failover plans have clear criteria.,,,,,,,
Reliability,How do you plan for disaster scenarios?,We use the results of our failure mode analysis to create recovery plans.,,,,,,,
Reliability,How do you plan for disaster scenarios?,"We define, document, and understand the roles and responsibilities during an incident response.",,,,,,,
Reliability,How do you plan for disaster scenarios?,"We have a disaster recovery plan with processes to recover the workload, components, and data.",,,,,,,
Reliability,How do you plan for disaster scenarios?,We've deliberately automated disaster recovery processes wherever reasonable.,,,,,,,
Reliability,How do you plan for disaster scenarios?,We created dedicated failback plans.,,,,,,,
Reliability,How do you plan for disaster scenarios?,We minimized the risk of our disaster recovery plan itself becoming unavailable if there's a disaster.,,,,,,,
Reliability,How do you plan for disaster scenarios?,We regularly test our recovery plans in a dry run.,,,,,,,
Reliability,How do you plan for disaster scenarios?,We know the expected recovery time of each of our recovery plans.,,,,,,,
Reliability,How do you plan for disaster scenarios?,None of the above.,None of the above.,,,,,,
Reliability,How do monitor workload health?,We can monitor each flow of our workload individually and assess its health state.,,,,,,,
Reliability,How do monitor workload health?,We ensure our team is familiar with telemetry at various levels.,,,,,,,
Reliability,How do monitor workload health?,We're intentional about our monitoring system design.,,,,,,,
Reliability,How do monitor workload health?,We only use structured logs that have a defined schema.,,,,,,,
Reliability,How do monitor workload health?,We send out alerts when the health of a flow degrades.,,,,,,,
Reliability,How do monitor workload health?,We present the workload and individual flow health in a simple visual to users who have the right permissions.,,,,,,,
Reliability,How do monitor workload health?,We've taken measures to stay updated on the health of platforms that our workload depends on.,,,,,,,
Reliability,How do monitor workload health?,None of the above.,None of the above.,,,,,,
Security,Do you have a documented security baseline?,"We've documented an initial baseline for our workload that's based on industry standards, compliance, and business requirements.",,,,,,,
Security,Do you have a documented security baseline?,We continuously revisit the baseline as the workload gets updated and changes over time.,,,,,,,
Security,Do you have a documented security baseline?,"We have a baseline with recommendations for incident response, including communication and recovery.",,,,,,,
Security,Do you have a documented security baseline?,We provide role-based security training that enhances skills in maintaining baselines.,,,,,,,
Security,Do you have a documented security baseline?,We use the baseline to drive the use of preventative guardrails.,,,,,,,
Security,Do you have a documented security baseline?,We use a cloud security posture management tool to detect gaps and drift from our baseline.,,,,,,,
Security,Do you have a documented security baseline?,We have a clear understanding of all regulatory compliance requirements for our industry and location.,,,,,,,
Security,Do you have a documented security baseline?,None of the above.,None of the above.,,,,,,
Security,"How do you secure the application code, development environment, and software supply chain?",We've identified all business and security requirements of the application.,,,,,,,
Security,"How do you secure the application code, development environment, and software supply chain?","We've adopted threat modeling processes, ranked identified threats based on organizational impact, mapped them to mitigations, and communicated these to stakeholders.",,,,,,,
Security,"How do you secure the application code, development environment, and software supply chain?","We maintain a manifest that enumerates all dependencies, frameworks, and libraries that the workload uses, and we update the manifest regularly.",,,,,,,
Security,"How do you secure the application code, development environment, and software supply chain?",We ensure developers meet security training requirements before they gain access to application source code.,,,,,,,
Security,"How do you secure the application code, development environment, and software supply chain?","We safeguard development environments by controlling access to code, scripts, pipeline tools, and source control systems.",,,,,,,
Security,"How do you secure the application code, development environment, and software supply chain?",We promptly remove unused and legacy assets from the development environment.,,,,,,,
Security,"How do you secure the application code, development environment, and software supply chain?",We ensure data from production environments isn't available to development or test environments.,,,,,,,
Security,"How do you secure the application code, development environment, and software supply chain?",We maintain a catalog of all deployed assets and their versions.,,,,,,,
Security,"How do you secure the application code, development environment, and software supply chain?",We include framework and library updates in the workload lifecycle.,,,,,,,
Security,"How do you secure the application code, development environment, and software supply chain?",None of the above.,None of the above.,,,,,,
Security,Have you classified all data persisted by the workload?,We've performed an inventory showing where all data is stored in our workload.,,,,,,,
Security,Have you classified all data persisted by the workload?,We've aligned the taxonomy for our data classifications with our business requirements.,,,,,,,
Security,Have you classified all data persisted by the workload?,We've designed our architecture according to the classification labels.,,,,,,,
Security,Have you classified all data persisted by the workload?,We regularly review the classification and taxonomy applied to our workload.,,,,,,,
Security,Have you classified all data persisted by the workload?,We apply consistent classification tagging that's designed for querying.,,,,,,,
Security,Have you classified all data persisted by the workload?,None of the above.,None of the above.,,,,,,
Security,How do you segment your workload as a defense-in-depth measure?,"We implement the defense-in-depth concept in our workload, take a layered approach toward security, and ensure clear segmentation boundaries.",,,,,,,
Security,How do you segment your workload as a defense-in-depth measure?,We recognize identity as the primary security perimeter for this workload.,,,,,,,
Security,How do you segment your workload as a defense-in-depth measure?,We've established network segmentation perimeter controls.,,,,,,,
Security,How do you segment your workload as a defense-in-depth measure?,We have clear lines of workload responsibility and have implemented access controls accordingly.,,,,,,,
Security,How do you segment your workload as a defense-in-depth measure?,We segregate resources by using resource organization and isolate resources by using polyglot persistence.,,,,,,,
Security,How do you segment your workload as a defense-in-depth measure?,None of the above.,None of the above.,,,,,,
Security,What identity and access controls do you use to secure your application?,We've identified all identity personas for this workload and avoid hard-coded credentials where possible.,,,,,,,
Security,What identity and access controls do you use to secure your application?,We separate the control plane and the data access plane.,,,,,,,
Security,What identity and access controls do you use to secure your application?,"We use role-based access control (RBAC) for this workload, and we've clearly defined roles and responsibilities.",,,,,,,
Security,What identity and access controls do you use to secure your application?,We use attribute-based access controls to enforce just-in-time (JIT) and just-enough-access (JEA) principles.,,,,,,,
Security,What identity and access controls do you use to secure your application?,We've isolated critical impact accounts and strictly enforce privilege separation and access reviews.,,,,,,,
Security,What identity and access controls do you use to secure your application?,We implement identity lifecycle management and have a documented offboarding process.,,,,,,,
Security,What identity and access controls do you use to secure your application?,None of the above.,None of the above.,,,,,,
Security,How do you secure connectivity for this workload?,"We've evaluated all network flows based on their direction, scope, and level of restriction.",,,,,,,
Security,How do you secure connectivity for this workload?,We use firewalls to protect ingress and egress edge traffic.,,,,,,,
Security,How do you secure connectivity for this workload?,We use network security groups to isolate and protect traffic within the workload's virtual networks.,,,,,,,
Security,How do you secure connectivity for this workload?,We use network restrictions and IP firewall rules to ensure public IP addresses can't access individual services.,,,,,,,
Security,How do you secure connectivity for this workload?,We've secured connectivity to platform as a service (PaaS) endpoints.,,,,,,,
Security,How do you secure connectivity for this workload?,We have plans and capabilities in place to mitigate distributed denial-of-service (DDoS) attacks.,,,,,,,
Security,How do you secure connectivity for this workload?,None of the above.,None of the above.,,,,,,
Security,What are your plans and procedures for encrypting data?,We employ native encryption methods for cloud-hosted environments.,,,,,,,
Security,What are your plans and procedures for encrypting data?,We store our encryption keys and our resources that host the encrypted data in separate locations.,,,,,,,
Security,What are your plans and procedures for encrypting data?,We use only industry-standard encryption algorithms for the workload data.,,,,,,,
Security,What are your plans and procedures for encrypting data?,We use the latest secure version of the secure hash algorithms (SHA) family of algorithms.,,,,,,,
Security,What are your plans and procedures for encrypting data?,We encrypt data in transit with Transport Layer Security (TLS) version 1.2 or later.,,,,,,,
Security,What are your plans and procedures for encrypting data?,We have a method for revoking and reissuing certificates quickly when a private key becomes compromised.,,,,,,,
Security,What are your plans and procedures for encrypting data?,We use strong encryption-at-rest techniques in the system that hosts our encryption keys.,,,,,,,
Security,What are your plans and procedures for encrypting data?,We use double encryption where business or regulatory requirements dictate its use.,,,,,,,
Security,What are your plans and procedures for encrypting data?,We use a modern identity platform to allow just-in-time (JIT) access and just enough access (JEA) to the encryption keys.,,,,,,,
Security,What are your plans and procedures for encrypting data?,None of the above.,None of the above.,,,,,,
Security,What measures do you take to continuously harden your workload against attack?,"We have a comprehensive inventory of all hardware, software, and data assets for this workload.",,,,,,,
Security,What measures do you take to continuously harden your workload against attack?,We train our teams on methods of hardening the code and components of our workload.,,,,,,,
Security,What measures do you take to continuously harden your workload against attack?,"We document the requirements and decisions made for hardening, including any exceptions.",,,,,,,
Security,What measures do you take to continuously harden your workload against attack?,We place isolation boundaries around critical assets and sensitive data to protect against lateral movement attacks.,,,,,,,
Security,What measures do you take to continuously harden your workload against attack?,We've disabled the use of legacy and insecure protocols from the workload.,,,,,,,
Security,What measures do you take to continuously harden your workload against attack?,We don't use legacy authentication methods.,,,,,,,
Security,What measures do you take to continuously harden your workload against attack?,None of the above.,None of the above.,,,,,,
Security,How do you secure your secrets and the other credentials that your workload uses?,"We don't share secrets between development, testing, and production environments.",,,,,,,
Security,How do you secure your secrets and the other credentials that your workload uses?,We store application secrets and credentials separately from the workload in a secret management system that uses strong encryption.,,,,,,,
Security,How do you secure your secrets and the other credentials that your workload uses?,We have a secure process in place for distributing secrets to the locations where they're used.,,,,,,,
Security,How do you secure your secrets and the other credentials that your workload uses?,We use automation to detect and remove hard-coded secrets from our source code and build artifacts.,,,,,,,
Security,How do you secure your secrets and the other credentials that your workload uses?,We rotate keys and expire old keys on a regular basis.,,,,,,,
Security,How do you secure your secrets and the other credentials that your workload uses?,We have a method in place to respond to secret rotation without disruption.,,,,,,,
Security,How do you secure your secrets and the other credentials that your workload uses?,We employ role-based access control (RBAC) to manage access to keys.,,,,,,,
Security,How do you secure your secrets and the other credentials that your workload uses?,None of the above.,None of the above.,,,,,,
Security,How do you monitor the application and the infrastructure?,We use cloud-native tools to monitor our workload resources and the infrastructure in which our workload runs.,,,,,,,
Security,How do you monitor the application and the infrastructure?,We collect logs from all application flows.,,,,,,,
Security,How do you monitor the application and the infrastructure?,We collect activity logs from all the infrastructure components in our workload.,,,,,,,
Security,How do you monitor the application and the infrastructure?,We periodically review access to the control plane and data plane of the application.,,,,,,,
Security,How do you monitor the application and the infrastructure?,We use a threat-detection tool to aggregate and analyze logs.,,,,,,,
Security,How do you monitor the application and the infrastructure?,We monitor configuration drift away from the baseline and agreed-upon standards.,,,,,,,
Security,How do you monitor the application and the infrastructure?,We use modern threat-detection techniques to detect suspicious activities.,,,,,,,
Security,How do you monitor the application and the infrastructure?,None of the above.,None of the above.,,,,,,
Security,How do you test your workload before and after it reaches production?,"We've integrated security routine tests as part of DevOps practices, and we run tests in our build processes and deployment pipelines.",,,,,,,
Security,How do you test your workload before and after it reaches production?,We're prepared to handle improvised tests that are conducted by central teams.,,,,,,,
Security,How do you test your workload before and after it reaches production?,"We use various types of tests on our data, networking, application, and components.",,,,,,,
Security,How do you test your workload before and after it reaches production?,We test the functional and structural aspects of our workload by using different test methodologies.,,,,,,,
Security,How do you test your workload before and after it reaches production?,We periodically simulate attacks by using ethical hacking practices that involve penetration testing and war game exercises.,,,,,,,
Security,How do you test your workload before and after it reaches production?,We perform manual security testing and use various scanning technologies that Microsoft and third parties offer.,,,,,,,
Security,How do you test your workload before and after it reaches production?,None of the above.,None of the above.,,,,,,
Security,How prepared are you to respond to incidents?,We have a designated incident contact who uses established documentation for communication and reporting during incidents.,,,,,,,
Security,How prepared are you to respond to incidents?,"We have a triage team responsible for assessing incident severity, impact, and action plans.",,,,,,,
Security,How prepared are you to respond to incidents?,We have a process in place to prevent incident recurrence.,,,,,,,
Security,How prepared are you to respond to incidents?,We systemically conduct post-incident reviews to extract valuable insights for the incident response.,,,,,,,
Security,How prepared are you to respond to incidents?,We have a well-defined communication plan for incident response.,,,,,,,
Security,How prepared are you to respond to incidents?,We have an established security operations center (SOC) within the organization.,,,,,,,
Security,How prepared are you to respond to incidents?,None of the above.,None of the above.,,,,,,
Cost Optimization,How do you create a culture of financial responsibility?,We communicate financial expectations.,,,,,,,
Cost Optimization,How do you create a culture of financial responsibility?,We make budgets and workload costs transparent.,,,,,,,
Cost Optimization,How do you create a culture of financial responsibility?,We train personnel in cost optimization strategies.,,,,,,,
Cost Optimization,How do you create a culture of financial responsibility?,We encourage a culture of continuous improvement.,,,,,,,
Cost Optimization,How do you create a culture of financial responsibility?,None of the above.,None of the above.,,,,,,
Cost Optimization,How do you perform cost modeling? ,We have workload estimates.,,,,,,,
Cost Optimization,How do you perform cost modeling? ,We determine cost drivers.,,,,,,,
Cost Optimization,How do you perform cost modeling? ,We can associate workload costs to specific business metrics.,,,,,,,
Cost Optimization,How do you perform cost modeling? ,We have a budget for the workload.,,,,,,,
Cost Optimization,How do you perform cost modeling? ,We regularly update the cost model.,,,,,,,
Cost Optimization,How do you perform cost modeling? ,None of the above.,None of the above.,,,,,,
Cost Optimization,How do you monitor costs?,We enable data collection on all resources.,,,,,,,
Cost Optimization,How do you monitor costs?,We group cost data for easier analysis.,,,,,,,
Cost Optimization,How do you monitor costs?,We generate cost reports.,,,,,,,
Cost Optimization,How do you monitor costs?,We assign a resource owner for each cost item.,,,,,,,
Cost Optimization,How do you monitor costs?,We regularly review cost reports with stakeholders against the budget and cost model.,,,,,,,
Cost Optimization,How do you monitor costs?,We use and set cost alerts at key spending thresholds.,,,,,,,
Cost Optimization,How do you monitor costs?,None of the above.,None of the above.,,,,,,
Cost Optimization,How do you govern your spending?,We use governance policies to provide spending guardrails.,,,,,,,
Cost Optimization,How do you govern your spending?,We implement release gates on deployments.,,,,,,,
Cost Optimization,How do you govern your spending?,"We set resource provisioning alerts for underutilized resources, orphan resources, and underutilized commitment-based plans.",,,,,,,
Cost Optimization,How do you govern your spending?,We use infrastructure as code to standardize deployments.,,,,,,,
Cost Optimization,How do you govern your spending?,We define access controls to reduce the risk of changes that affect cost optimization.,,,,,,,
Cost Optimization,How do you govern your spending?,None of the above.,None of the above.,,,,,,
Cost Optimization,How do you get the best rates from providers?,We understand the cost of all workload components.,,,,,,,
Cost Optimization,How do you get the best rates from providers?,We evaluate and determine the right billing model.,,,,,,,
Cost Optimization,How do you get the best rates from providers?,We evaluate and commit to available discounts.,,,,,,,
Cost Optimization,How do you get the best rates from providers?,"We determine the cost benefits of building or buying solutions, where applicable.",,,,,,,
Cost Optimization,How do you get the best rates from providers?,We optimize licensing costs.,,,,,,,
Cost Optimization,How do you get the best rates from providers?,None of the above.,None of the above.,,,,,,
Cost Optimization,How do you align resource usage to billing increments?,We know billing factors and billing increments.,,,,,,,
Cost Optimization,How do you align resource usage to billing increments?,We map usage to billing increments.,,,,,,,
Cost Optimization,How do you align resource usage to billing increments?,"We use proof-of-concepts to validate our understanding of billing increments, where applicable.",,,,,,,
Cost Optimization,How do you align resource usage to billing increments?,"We modify services to align usage to billing increments, where applicable.",,,,,,,
Cost Optimization,How do you align resource usage to billing increments?,"We modify resource usage to align with billing increments, where applicable.",,,,,,,
Cost Optimization,How do you align resource usage to billing increments?,None of the above.,None of the above.,,,,,,
Cost Optimization,How do you optimize workload component costs? ,We optimize application features.,,,,,,,
Cost Optimization,How do you optimize workload component costs? ,We optimize platform features.,,,,,,,
Cost Optimization,How do you optimize workload component costs? ,We cost optimize workload resources.,,,,,,,
Cost Optimization,How do you optimize workload component costs? ,We avoid introducing unoptimized components.,,,,,,,
Cost Optimization,How do you optimize workload component costs? ,None of the above.,None of the above.,,,,,,
Cost Optimization,How do you optimize the cost of each workload environment?,We understand the value of each environment.,,,,,,,
Cost Optimization,How do you optimize the cost of each workload environment?,We cost optimize the production environment.,,,,,,,
Cost Optimization,How do you optimize the cost of each workload environment?,"We cost optimize the disaster recovery environment, where applicable.",,,,,,,
Cost Optimization,How do you optimize the cost of each workload environment?,"We cost optimize preproduction environments, where applicable.",,,,,,,
Cost Optimization,How do you optimize the cost of each workload environment?,None of the above.,None of the above.,,,,,,
Cost Optimization,How do you optimize flow costs?,We know and understand all flows.,,,,,,,
Cost Optimization,How do you optimize flow costs?,We prioritize flows by value.,,,,,,,
Cost Optimization,How do you optimize flow costs?,"We optimize independent flows, where applicable.",,,,,,,
Cost Optimization,How do you optimize flow costs?,"We evaluate and separate dissimilar flows, where applicable.",,,,,,,
Cost Optimization,How do you optimize flow costs?,"We evaluate and combine similar flows, where applicable.",,,,,,,
Cost Optimization,How do you optimize flow costs?,We regularly review flow spending to align flow with spending over time.,,,,,,,
Cost Optimization,How do you optimize flow costs?,None of the above.,None of the above.,,,,,,
Cost Optimization,How do you optimize data costs? ,We have inventoried workload data.,,,,,,,
Cost Optimization,How do you optimize data costs? ,We prioritize data.,,,,,,,
Cost Optimization,How do you optimize data costs? ,We use data lifecycle management.,,,,,,,
Cost Optimization,How do you optimize data costs? ,We cost optimize storage solutions.,,,,,,,
Cost Optimization,How do you optimize data costs? ,We configure data replication according to each environment's resiliency requirements.,,,,,,,
Cost Optimization,How do you optimize data costs? ,We optimize backup frequency and storage.,,,,,,,
Cost Optimization,How do you optimize data costs? ,We limit the amount of data captured and duplicated to what's necessary.,,,,,,,
Cost Optimization,How do you optimize data costs? ,None of the above.,None of the above.,,,,,,
Cost Optimization,How do you optimize code costs?,We instrument code to collect data during runtime.,,,,,,,
Cost Optimization,How do you optimize code costs?,We identify and optimize hot paths.,,,,,,,
Cost Optimization,How do you optimize code costs?,We evaluate code for opportunities to implement concurrent processing.,,,,,,,
Cost Optimization,How do you optimize code costs?,We evaluate and optimize software development kits.,,,,,,,
Cost Optimization,How do you optimize code costs?,We evaluate the operating system against alternatives.,,,,,,,
Cost Optimization,How do you optimize code costs?,We evaluate and optimize network traversal.,,,,,,,
Cost Optimization,How do you optimize code costs?,We evaluate and optimize data access.,,,,,,,
Cost Optimization,How do you optimize code costs?,We evaluate and optimize the architecture.,,,,,,,
Cost Optimization,How do you optimize code costs?,None of the above.,None of the above.,,,,,,
Cost Optimization,How do you optimize resource scaling costs? ,We analyze usage data to decide which scale model (scale out vs scale up) is best.,,,,,,,
Cost Optimization,How do you optimize resource scaling costs? ,"We implement strategies to reduce demand, where applicable.",,,,,,,
Cost Optimization,How do you optimize resource scaling costs? ,We use and optimize autoscaling.,,,,,,,
Cost Optimization,How do you optimize resource scaling costs? ,"We review strategies to offload demand, where applicable.",,,,,,,
Cost Optimization,How do you optimize resource scaling costs? ,We set and enforce upper limits on resource spending.,,,,,,,
Cost Optimization,How do you optimize resource scaling costs? ,None of the above.,None of the above.,,,,,,
Cost Optimization,How do you optimize personnel time?,We define the metrics to measure the success of personnel time-optimization efforts.,,,,,,,
Cost Optimization,How do you optimize personnel time?,We optimize development time.,,,,,,,
Cost Optimization,How do you optimize personnel time?,We optimize personnel collaboration.,,,,,,,
Cost Optimization,How do you optimize personnel time?,We optimize processes.,,,,,,,
Cost Optimization,How do you optimize personnel time?,We optimize operational tasks.,,,,,,,
Cost Optimization,How do you optimize personnel time?,We optimize personnel skills.,,,,,,,
Cost Optimization,How do you optimize personnel time?,None of the above.,None of the above.,,,,,,
Cost Optimization,How do you evaluate resource consolidation? ,We evaluate the workload for internal resource consolidation.,,,,,,,
Cost Optimization,How do you evaluate resource consolidation? ,We understand the general process of consolidation.,,,,,,,
Cost Optimization,How do you evaluate resource consolidation? ,"We evaluate opportunities to offload workload responsibility to external teams, where applicable.",,,,,,,
Cost Optimization,How do you evaluate resource consolidation? ,"We evaluate opportunities to use external centralized resources, where applicable.",,,,,,,
Cost Optimization,How do you evaluate resource consolidation? ,None of the above.,None of the above.,,,,,,
Operational Excellence,How do you foster a DevOps culture?,We have a team culture based on mutual respect and open feedback.,,,,,,,
Operational Excellence,How do you foster a DevOps culture?,We give the workload team end-to-end responsibility for the workload.,,,,,,,
Operational Excellence,How do you foster a DevOps culture?,We allow the workload team to use the services of enablement teams.,,,,,,,
Operational Excellence,How do you foster a DevOps culture?,We have cross-functional teams that learn from each other. ,,,,,,,
Operational Excellence,How do you foster a DevOps culture?,We integrate all requirements into workload practices.,,,,,,,
Operational Excellence,How do you foster a DevOps culture?,We regularly review our operating procedures with the team to identify areas of improvement.,,,,,,,
Operational Excellence,How do you foster a DevOps culture?,None of the above.,None of the above.,,,,,,
Operational Excellence,How do you formalize routine and nonroutine tasks?,We follow templates and style guides for any documentation our team creates.,,,,,,,
Operational Excellence,How do you formalize routine and nonroutine tasks?,We have identified and documented guidelines for managing all processes in our workload.,,,,,,,
Operational Excellence,How do you formalize routine and nonroutine tasks?,We have operational instructions that have easily understood checklist items.,,,,,,,
Operational Excellence,How do you formalize routine and nonroutine tasks?,We detail responsibilities and provide guidance in our operating procedures for improvised and emergency tasks.,,,,,,,
Operational Excellence,How do you formalize routine and nonroutine tasks?,We leverage industry-proven practices and processes in our team.,,,,,,,
Operational Excellence,How do you formalize routine and nonroutine tasks?,We implement a shift-left ethos to identify areas of improvement.,,,,,,,
Operational Excellence,How do you formalize routine and nonroutine tasks?,We have operating procedures that comply with organizational and compliance requirements.,,,,,,,
Operational Excellence,How do you formalize routine and nonroutine tasks?,We understand how to use open-source tools in our workload team.,,,,,,,
Operational Excellence,How do you formalize routine and nonroutine tasks?,None of the above.,None of the above.,,,,,,
Operational Excellence,How do you formalize software ideation and planning process?,We use a collaborative approach to development planning.,,,,,,,
Operational Excellence,How do you formalize software ideation and planning process?,"We use established, industry-proven planning processes and tools.",,,,,,,
Operational Excellence,How do you formalize software ideation and planning process?,"We use small, iterative deployments.",,,,,,,
Operational Excellence,How do you formalize software ideation and planning process?,We communicate proposed changes internally and externally.,,,,,,,
Operational Excellence,How do you formalize software ideation and planning process?,We have a standard to define user stories and acceptance criteria.,,,,,,,
Operational Excellence,How do you formalize software ideation and planning process?,We ensure all work items have clear acceptance criteria.,,,,,,,
Operational Excellence,How do you formalize software ideation and planning process?,We regularly perform internal audits of our development practices via retrospectives.,,,,,,,
Operational Excellence,How do you formalize software ideation and planning process?,None of the above.,None of the above.,,,,,,
Operational Excellence,How do you optimize software development and quality assurance processes?,We rely on industry-proven tools and solutions to support the entire development lifecycle.,,,,,,,
Operational Excellence,How do you optimize software development and quality assurance processes?,"We have a style guide to standardize writing, reviewing, and documenting code.",,,,,,,
Operational Excellence,How do you optimize software development and quality assurance processes?,We use metrics to quantify developer effectiveness.,,,,,,,
Operational Excellence,How do you optimize software development and quality assurance processes?,We perform unit testing early and often throughout the development process.,,,,,,,
Operational Excellence,How do you optimize software development and quality assurance processes?,We strategically incur and address technical debt in our development teams.,,,,,,,
Operational Excellence,How do you optimize software development and quality assurance processes?,We have a versioning standard for all artifacts.,,,,,,,
Operational Excellence,How do you optimize software development and quality assurance processes?,We have a standardized branching strategy.,,,,,,,
Operational Excellence,How do you optimize software development and quality assurance processes?,None of the above.,None of the above.,,,,,,
Operational Excellence,How do you use infrastructure as code (IaC)?,We prefer declarative instead of imperative scripting approaches.,,,,,,,
Operational Excellence,How do you use infrastructure as code (IaC)?,We have purposefully selected the workload's infrastructure-as-code tooling to provision our infrastructure.,,,,,,,
Operational Excellence,How do you use infrastructure as code (IaC)?,We are aware of the lifecycle of cloud provider APIs and IaC providers.,,,,,,,
Operational Excellence,How do you use infrastructure as code (IaC)?,We use the same set of scripts and templates to deploy a variety of environments.,,,,,,,
Operational Excellence,How do you use infrastructure as code (IaC)?,We use modules only where they add a relevant layer of abstraction.,,,,,,,
Operational Excellence,How do you use infrastructure as code (IaC)?,We separate our IaC pipelines into layers.,,,,,,,
Operational Excellence,How do you use infrastructure as code (IaC)?,We manage IaC artifacts like code.,,,,,,,
Operational Excellence,How do you use infrastructure as code (IaC)?,None of the above.,None of the above.,,,,,,
Operational Excellence,How did you build your workload supply chain?,"We ensure all deployments, to all environments, happen through deployment pipelines.",,,,,,,
Operational Excellence,How did you build your workload supply chain?,We deploy repeatable and immutable infrastructure with code.,,,,,,,
Operational Excellence,How did you build your workload supply chain?,We use one set of code assets and artifacts across all environments and pipelines.,,,,,,,
Operational Excellence,How did you build your workload supply chain?,We have a standard deployment method to the production environment.,,,,,,,
Operational Excellence,How did you build your workload supply chain?,We use different pipelines to make changes.,,,,,,,
Operational Excellence,How did you build your workload supply chain?,We have planned for a robust testing strategy that aligns with a shift-left ethos.,,,,,,,
Operational Excellence,How did you build your workload supply chain?,We use quality gates to promote code to higher environments.,,,,,,,
Operational Excellence,How did you build your workload supply chain?,None of the above.,None of the above.,,,,,,
Operational Excellence,How did you design your observability platform?,We collect telemetry or events like logs and metrics.,,,,,,,
Operational Excellence,How did you design your observability platform?,We store observability data with just enough retention and in appropriate geographies.,,,,,,,
Operational Excellence,How did you design your observability platform?,We keep separate data between environments.,,,,,,,
Operational Excellence,How did you design your observability platform?,We ensure our observability data provides perspective both holistically and at individual flow levels.,,,,,,,
Operational Excellence,How did you design your observability platform?,We structure the capture of application events.,,,,,,,
Operational Excellence,How did you design your observability platform?,"We prefer, where possible, platform services and capabilities for collecting metrics and log information over custom solutions.",,,,,,,
Operational Excellence,How did you design your observability platform?,We visualize observability data and make it available to stakeholders.,,,,,,,
Operational Excellence,How did you design your observability platform?,We have created an alerting strategy that focuses on actionable alerts directed to appropriate parties.,,,,,,,
Operational Excellence,How did you design your observability platform?,None of the above.,None of the above.,,,,,,
Operational Excellence,What is your emergency operations practice?,We use agreed-upon tooling for incident-related artifacts and activities.,,,,,,,
Operational Excellence,What is your emergency operations practice?,We have a defined and practiced incident response role accountability plan in place.,,,,,,,
Operational Excellence,What is your emergency operations practice?,We have clear criteria to decide the severity of an incident.,,,,,,,
Operational Excellence,What is your emergency operations practice?,We have defined communication and escalation plans for all severities.,,,,,,,
Operational Excellence,What is your emergency operations practice?,"We understand that there can be different sources for incident reports, but our team handles incidents consistently.",,,,,,,
Operational Excellence,What is your emergency operations practice?,We have a containment strategy to remediate issues.,,,,,,,
Operational Excellence,What is your emergency operations practice?,We have a procedure in place to provide root cause analysis (RCA) reports.,,,,,,,
Operational Excellence,What is your emergency operations practice?,We established a process for improving the incident response practice.,,,,,,,
Operational Excellence,What is your emergency operations practice?,None of the above.,None of the above.,,,,,,
Operational Excellence,How do you automate tasks that don't need human intervention?,We consider opportunities for automation broadly across the workload and its operations.,,,,,,,
Operational Excellence,How do you automate tasks that don't need human intervention?,We perform a return on investment (ROI) analysis before selecting tasks for automation.,,,,,,,
Operational Excellence,How do you automate tasks that don't need human intervention?,We empower team members by providing self-service through automation.,,,,,,,
Operational Excellence,How do you automate tasks that don't need human intervention?,We evaluate and use the appropriate automation tool.,,,,,,,
Operational Excellence,How do you automate tasks that don't need human intervention?,None of the above.,None of the above.,,,,,,
Operational Excellence,What is your approach to design the capability for automation into your workload?,Automating operations is a central consideration in our workload design.,,,,,,,
Operational Excellence,What is your approach to design the capability for automation into your workload?,We use bootstrapping where appropriate.,,,,,,,
Operational Excellence,What is your approach to design the capability for automation into your workload?,We automate desired state configuration where appropriate.,,,,,,,
Operational Excellence,What is your approach to design the capability for automation into your workload?,The control plane provides supports automation by external tools.,,,,,,,
Operational Excellence,What is your approach to design the capability for automation into your workload?,Our authentication standards allow for automation wherever reasonable.,,,,,,,
Operational Excellence,What is your approach to design the capability for automation into your workload?,We use the capabilities provided by the cloud platform for automation where appropriate.,,,,,,,
Operational Excellence,What is your approach to design the capability for automation into your workload?,None of the above.,None of the above.,,,,,,
Operational Excellence,What safe deployment practices do you use?,"We reduce risk by deploying small, incremental, and tested changes.",,,,,,,
Operational Excellence,What safe deployment practices do you use?,We use progressive exposure techniques for both infrastructure changes and application features.,,,,,,,
Operational Excellence,What safe deployment practices do you use?,"We rely on health signals to provide go, no-go decisions during rollouts.",,,,,,,
Operational Excellence,What safe deployment practices do you use?,We have a defined hotfix strategy that safely addresses urgent releases.,,,,,,,
Operational Excellence,What safe deployment practices do you use?,We ensure the workload reliably handles data changes.,,,,,,,
Operational Excellence,What safe deployment practices do you use?,We ensure that any and all production changes follow the safe deployment practices.,,,,,,,
Operational Excellence,What safe deployment practices do you use?,None of the above.,None of the above.,,,,,,
Operational Excellence,How do you address deployment failures?,We can quickly identify issues with deployments.,,,,,,,
Operational Excellence,How do you address deployment failures?,We have a mitigation strategy for deployment issues.,,,,,,,
Operational Excellence,How do you address deployment failures?,We understand mitigation strategies for deployment issues.,,,,,,,
Operational Excellence,How do you address deployment failures?,We use a structured communication plan.,,,,,,,
Operational Excellence,How do you address deployment failures?,We conduct post-mortem reviews after failed deployments.,,,,,,,
Operational Excellence,How do you address deployment failures?,None of the above.,None of the above.,,,,,,
Performance Efficiency,How do you define performance targets?,We understand the performance requirements for the workload.,,,,,,,
Performance Efficiency,How do you define performance targets?,We identified key metrics to measure the workload performance.,,,,,,,
Performance Efficiency,How do you define performance targets?,We set targets for the identified performance metrics.,,,,,,,
Performance Efficiency,How do you define performance targets?,We document and expose the performance targets.,,,,,,,
Performance Efficiency,How do you define performance targets?,We continuously evaluate customer feedback to ensure alignment with business expectations.,,,,,,,
Performance Efficiency,How do you define performance targets?,None of the above.,None of the above.,,,,,,
Performance Efficiency,How do you conduct capacity planning?,We gather capacity data to forecast future demand.,,,,,,,
Performance Efficiency,How do you conduct capacity planning?,We analyze future scenarios and use predictive modeling to forecast future demand.,,,,,,,
Performance Efficiency,How do you conduct capacity planning?,We align capacity forecasts with workload objectives.,,,,,,,
Performance Efficiency,How do you conduct capacity planning?,We determine resource requirements based on forecast demand.,,,,,,,
Performance Efficiency,How do you conduct capacity planning?,We understand resource limitations and quotas and take them into account during the capacity planning. ,,,,,,,
Performance Efficiency,How do you conduct capacity planning?,None of the above.,None of the above.,,,,,,
Performance Efficiency,How do you select the right services?,"We choose services based on the performance targets, organizational restrictions, security and compliance requirements, and available team skills.",,,,,,,
Performance Efficiency,How do you select the right services?,We use platform features instead of custom code where possible.,,,,,,,
Performance Efficiency,How do you select the right services?,We select infrastructure based on the service availability and latency requirements.,,,,,,,
Performance Efficiency,How do you select the right services?,We understand the networking requirements and take them into account when selecting and configuring the workload services.,,,,,,,
Performance Efficiency,How do you select the right services?,We understand the compute requirements and take them into account when selecting and configuring the workload services.,,,,,,,
Performance Efficiency,How do you select the right services?,We understand the load balancing requirements and take them into account when selecting and configuring the workload services.,,,,,,,
Performance Efficiency,How do you select the right services?,We understand the data store requirements and take them into account when selecting and configuring workload services.,,,,,,,
Performance Efficiency,How do you select the right services?,We understand the caching requirements and take them into account during the application design.,,,,,,,
Performance Efficiency,How do you select the right services?,None of the above.,None of the above.,,,,,,
Performance Efficiency,How do you collect performance data?,We store performance metrics and logs in a central location.,,,,,,,
Performance Efficiency,How do you collect performance data?,We store logs and metrics data separately for each environment.,,,,,,,
Performance Efficiency,How do you collect performance data?,We define retention policies for log and metrics data to enable effective troubleshooting and monitoring.,,,,,,,
Performance Efficiency,How do you collect performance data?,We instrument code to gather data about the performance of an application during runtime.,,,,,,,
Performance Efficiency,How do you collect performance data?,We collect metrics and logs for every resource.,,,,,,,
Performance Efficiency,How do you collect performance data?,We monitor network traffic performance.,,,,,,,
Performance Efficiency,How do you collect performance data?,We collect and analyze database and storage performance data.,,,,,,,
Performance Efficiency,How do you collect performance data?,None of the above.,None of the above.,,,,,,
Performance Efficiency,How do you manage scalability and partitioning?,We selected a scaling strategy based on the specific characteristics of the workload.,,,,,,,
Performance Efficiency,How do you manage scalability and partitioning?,We designed the infrastructure to be scalable and distribute load across multiple resources.,,,,,,,
Performance Efficiency,How do you manage scalability and partitioning?,We designed the application to be scalable and distribute load.,,,,,,,
Performance Efficiency,How do you manage scalability and partitioning?,We understand service scaling limits and boundaries and take them into account.,,,,,,,
Performance Efficiency,How do you manage scalability and partitioning?,We base scaling on meaningful load metrics and include a buffer.,,,,,,,
Performance Efficiency,How do you manage scalability and partitioning?,We use autoscaling and configure it to avoid runaway scaling and flapping.,,,,,,,
Performance Efficiency,How do you manage scalability and partitioning?,We test workload scaling under production-like load.,,,,,,,
Performance Efficiency,How do you manage scalability and partitioning?,"We have a workload partitioning strategy in place, where applicable.",,,,,,,
Performance Efficiency,How do you manage scalability and partitioning?,We regularly test and optimize the partitioning scheme.,,,,,,,
Performance Efficiency,How do you manage scalability and partitioning?,None of the above.,None of the above.,,,,,,
Performance Efficiency,How do you conduct performance testing?,We have well-defined acceptance criteria for the success of performance tests.,,,,,,,
Performance Efficiency,How do you conduct performance testing?,We have identified performance test types based on the application's acceptance criteria and performance risks.,,,,,,,
Performance Efficiency,How do you conduct performance testing?,We have decided on the toolset for performance testing.,,,,,,,
Performance Efficiency,How do you conduct performance testing?,"We have created performance test scenarios, and the test environment is in place.",,,,,,,
Performance Efficiency,How do you conduct performance testing?,We use performance tests to understand the application's bottlenecks and evaluate acceptance criteria.,,,,,,,
Performance Efficiency,How do you conduct performance testing?,We run performance testing for every change.,,,,,,,
Performance Efficiency,How do you conduct performance testing?,None of the above.,None of the above.,,,,,,
Performance Efficiency,How do you optimize the performance of your code and infrastructure?,We optimize code logic.,,,,,,,
Performance Efficiency,How do you optimize the performance of your code and infrastructure?,We optimize memory management.,,,,,,,
Performance Efficiency,How do you optimize the performance of your code and infrastructure?,We regularly use concurrency and parallelism to improve performance.,,,,,,,
Performance Efficiency,How do you optimize the performance of your code and infrastructure?,We use connection pooling.,,,,,,,
Performance Efficiency,How do you optimize the performance of your code and infrastructure?,We review and optimize infrastructure for performance.,,,,,,,
Performance Efficiency,How do you optimize the performance of your code and infrastructure?,None of the above.,None of the above.,,,,,,
Performance Efficiency,How do you optimize data performance?,We profile data to understand areas that need improvement.,,,,,,,
Performance Efficiency,How do you optimize data performance?,We constantly monitor the performance of data stores.,,,,,,,
Performance Efficiency,How do you optimize data performance?,We partition data to improve performance.,,,,,,,
Performance Efficiency,How do you optimize data performance?,We tune and optimize data queries.,,,,,,,
Performance Efficiency,How do you optimize data performance?,We implement indexes to improve data access performance.,,,,,,,
Performance Efficiency,How do you optimize data performance?,"We compress data to optimize data transit performance and reduce the storage footprint, where applicable.",,,,,,,
Performance Efficiency,How do you optimize data performance?,We cache data when possible.,,,,,,,
Performance Efficiency,How do you optimize data performance?,We choose the proper level of consistency to optimize performance.,,,,,,,
Performance Efficiency,How do you optimize data performance?,We store data in close proximity to where it's used.,,,,,,,
Performance Efficiency,How do you optimize data performance?,None of the above.,None of the above.,,,,,,
Performance Efficiency,How do you prioritize the performance of critical flows?,We map out all flows.,,,,,,,
Performance Efficiency,How do you prioritize the performance of critical flows?,We monitor flow performance metrics.,,,,,,,
Performance Efficiency,How do you prioritize the performance of critical flows?,We identify and document all critical flows.,,,,,,,
Performance Efficiency,How do you prioritize the performance of critical flows?,"We isolate critical flows, where practical.",,,,,,,
Performance Efficiency,How do you prioritize the performance of critical flows?,We assign capacity allocations and prioritize critical flows when capacity is limited.,,,,,,,
Performance Efficiency,How do you prioritize the performance of critical flows?,None of the above.,None of the above.,,,,,,
Performance Efficiency,How do you optimize your operational tasks?,We identify and evaluate the overhead that's associated with the effect of operational tasks.,,,,,,,
Performance Efficiency,How do you optimize your operational tasks?,We optimize deployments for the workload.,,,,,,,
Performance Efficiency,How do you optimize your operational tasks?,We test upgrades to ensure minimal impact on the system's performance.,,,,,,,
Performance Efficiency,How do you optimize your operational tasks?,"We account for antivirus, intrusion detection, and monitoring agents when considering performance targets.",,,,,,,
Performance Efficiency,How do you optimize your operational tasks?,"We optimize database operational tasks such as backups, schema changes, and monitoring.",,,,,,,
Performance Efficiency,How do you optimize your operational tasks?,We configure monitoring to collect the proper level of information to reduce performance impacts.,,,,,,,
Performance Efficiency,How do you optimize your operational tasks?,None of the above.,None of the above.,,,,,,
Performance Efficiency,How do you respond to live performance issues?,We are prepared for live performance issues.,,,,,,,
Performance Efficiency,How do you respond to live performance issues?,We have a triage plan.,,,,,,,
Performance Efficiency,How do you respond to live performance issues?,We have methods in place to identify and resolve live performance issues.,,,,,,,
Performance Efficiency,How do you respond to live performance issues?,We use feedback from live issues to prioritize performance enhancements.,,,,,,,
Performance Efficiency,How do you respond to live performance issues?,None of the above.,None of the above.,,,,,,
Performance Efficiency,How do you enable continuous performance optimization?,We have a culture that promotes continuous performance optimization.,,,,,,,
Performance Efficiency,How do you enable continuous performance optimization?,We regularly evaluate new platform features.,,,,,,,
Performance Efficiency,How do you enable continuous performance optimization?,We proactively address the performance of known deteriorating components.,,,,,,,
Performance Efficiency,How do you enable continuous performance optimization?,We use automation to fix common performance issues.,,,,,,,
Performance Efficiency,How do you enable continuous performance optimization?,We periodically address technical debt.,,,,,,,
Performance Efficiency,How do you enable continuous performance optimization?,None of the above.,None of the above.,,,,,,
